{
  "project_info": {
    "project_number": "961788182285",
    "firebase_url": "https://status-saver-a3020-default-rtdb.firebaseio.com",
    "project_id": "status-saver-a3020",
    "storage_bucket": "status-saver-a3020.appspot.com"
  },
  "client": [
    {
      "client_info": {
        "mobilesdk_app_id": "1:961788182285:android:d0ae2f1f8094675fd9ba44",
        "android_client_info": {
          "package_name": "com.trend.test"
        }
      },
      "oauth_client": [
        {
          "client_id": "961788182285-gutkb6iq5hjiqdkl2o745me2nnu263eq.apps.googleusercontent.com",
          "client_type": 3
        }
      ],
      "api_key": [
        {
          "current_key": "AIzaSyAwCjlWLcRMzp5-7CaZTvMcmKb8RaCW5lM"
        }
      ],
      "services": {
        "appinvite_service": {
          "other_platform_oauth_client": [
            {
              "client_id": "961788182285-gutkb6iq5hjiqdkl2o745me2nnu263eq.apps.googleusercontent.com",
              "client_type": 3
            }
          ]
        }
      }
    }
  ],
  "configuration_version": "1"
}